Actual RT,Predicted RT
10.05,10.612271
20.0,21.450294
61.6,48.41402
37.3,36.19545
10.259,12.295534
15.856,12.408726
1.93,2.0793273
10.18,8.575551
5.51,6.0634737
5.51,6.0671062
5.53,5.721777
5.53,6.00677
14.56,14.196296
4.48,4.879958
15.71,14.89963
15.55,15.536173
11.763,13.078474
18.16,18.302496
29.93,30.197165
44.0,42.059124
