Actual RT,Predicted RT
20.6,21.479492
36.3,35.824097
13.0,14.939067
5.013,7.657168
15.157,14.726979
1.83,2.6807613
10.18,7.736518
5.99,6.5108085
14.56,11.712921
14.97,14.903419
14.12,14.5874405
6.4,7.6499686
9.7,10.244647
6.18,33.812714
5.74,33.487713
12.047,11.862875
20.85,19.535805
18.08,16.467155
26.12,26.364357
16.45,16.047054
