Actual RT,Predicted RT
62.0,49.72367
36.4,34.41525
12.2,15.06761
10.0,9.727965
8.985,9.288583
15.157,16.360888
5.36,6.2156663
5.51,6.400531
15.0,15.120674
4.57,4.780483
15.96,18.043797
2.82,2.5519998
2.82,2.5269964
15.76,15.884726
6.2,7.031526
9.5,9.820722
20.75,20.556875
25.92,25.796732
16.75,16.975115
15.85,15.933221
