Metric,Value
RMSE,8.852052688598633
MAE,3.7249157428741455
R2,-0.22844350337982178
