Metric,Value
RMSE,3.1902692317962646
MAE,1.5286836624145508
R2,0.9537048935890198
