Metric,Value
RMSE,2.928225517272949
MAE,1.2766025066375732
R2,0.9521905183792114
