Actual RT,Predicted RT
12.36,11.69553
24.1,27.083935
36.9,38.401073
36.8,36.53289
6.3,7.308693
12.379,12.533573
11.167,12.423552
14.271,12.416597
8.985,10.725794
6.91,4.527962
6.91,4.72419
5.45,5.8127847
5.51,5.7875395
15.0,15.247609
4.57,4.791793
15.71,16.110369
14.12,14.571285
30.1,30.025822
44.0,42.755535
16.42,16.441244
