Actual RT,Predicted RT
12.45,12.142148
9.93,10.1186075
25.7,22.740276
35.5,35.69949
16.7,11.976191
17.5,12.131159
6.21,6.1829004
10.26,9.420208
7.444,5.570336
10.439,13.063194
5.99,6.6413617
4.48,4.779036
15.96,15.002545
2.82,3.2991276
2.82,3.5007584
14.23,14.708181
14.64,13.964849
15.2,14.555338
24.66,25.529613
27.01,26.778135
