Metric,Value
RMSE,1.2932325601577759
MAE,0.9650357365608215
R2,0.9872950315475464
