Metric,Value
RMSE,1.9391417503356934
MAE,1.2540143728256226
R2,0.9485386610031128
