Metric,Value
RMSE,1.9178543090820312
MAE,0.9044961333274841
R2,0.9728255271911621
