Metric,Value
RMSE,10.232868194580078
MAE,6.951077938079834
R2,0.8593910932540894
