Metric,Value
RMSE,16.293062210083008
MAE,8.630843162536621
R2,0.7128927707672119
