Metric,Value
RMSE,9.39943790435791
MAE,5.467547416687012
R2,0.896950900554657
