Metric,Value
RMSE,9.602018356323242
MAE,6.490766525268555
R2,0.8998758792877197
