Metric,Value
RMSE,15.223101615905762
MAE,8.786054611206055
R2,0.717698335647583
