Metric,Value
RMSE,10.911179542541504
MAE,7.216427326202393
R2,0.8631138801574707
