Metric,Value
RMSE,11.076765060424805
MAE,7.059511184692383
R2,0.883055536425982
