Metric,Value
RMSE,12.69263744354248
MAE,7.61908483505249
R2,0.8532366441227683
