Metric,Value
RMSE,8.542320251464844
MAE,4.209616661071777
R2,0.9345718704606742
