Metric,Value
RMSE,14.558273315429688
MAE,9.779035568237305
R2,0.807561062233388
