Metric,Value
RMSE,12.372772216796875
MAE,5.215352535247803
R2,0.8717450099874983
