Metric,Value
RMSE,13.619219779968262
MAE,7.426560401916504
R2,0.8364174817441319
