Actual RT,Predicted RT
7.43,9.392859762026681
7.83,10.022605762873447
26.74,17.595487890197507
5.21,7.377558519996271
12.29,11.68057667229312
4.47,9.20399493547315
5.53,10.159518476036315
22.91,18.727768084309176
3.56,11.025105232736976
13.62,13.696761782721838
6.1,7.377558519996271
