Actual RT,Predicted RT
7.43,6.2244005
7.83,7.5489855
26.74,21.891293
5.21,-1.7941542
12.29,11.739789
4.47,11.412148
5.53,5.3704424
22.91,22.86893
3.56,2.9800234
13.62,11.814603
6.1,-1.7842588
