Model,Validation RMSE,Validation MAE,Validation R2,Test RMSE,Test MAE,Test R2
Linear_Regression,3.2936625480651855,2.076875686645508,0.6395646058515543,4.138305187225342,2.845644950866699,0.6880093823423292
Support_Vector_Regression,4.341720854709479,3.6411571442588624,0.37368464512084143,3.504766042497639,3.0062908517949207,0.7762234350717392
Gradient_Boosting_Regressor,4.903334316031424,4.449059234655127,0.2011738488004794,4.431829099834243,3.494739127480146,0.6421817001624635
Neural_Network_Regressor,2.1987216472625732,1.823531985282898,0.8393762567002145,2.9231626987457275,2.3573389053344727,0.8443308811219759
Transformer,5.499020099639893,4.514047145843506,-0.004708032616698832,7.412611484527588,6.026304244995117,-0.001011307835326658
RandomForest,5.218455185101722,3.5917283897658083,0.0951987742855841,2.857762341144407,2.0771311784300455,0.851218560569444
