Actual RT,Predicted RT
7.43,7.5859127
7.83,9.650351
26.74,20.569311
5.21,2.5202236
12.29,15.568029
4.47,1.9061565
5.53,6.349737
22.91,24.019361
3.56,3.463644
13.62,9.994513
6.1,2.4988155
