Actual RT,Predicted RT
7.43,7.426294451009949
7.83,11.952291917753527
26.74,19.793058394240774
5.21,7.543150687227699
12.29,12.063149953382863
4.47,5.845741272479915
5.53,5.623192680204193
22.91,20.199775377629724
3.56,6.16333005221308
13.62,14.609864127989988
6.1,7.543150687227699
