Actual RT,Predicted RT
7.43,9.183816210969665
7.83,9.650652000021976
26.74,25.837783285022116
5.21,10.564721995438983
12.29,10.813091079369418
4.47,10.564721995438983
5.53,8.845797020180251
22.91,23.327250339947007
3.56,7.973114038624384
13.62,10.564721995438983
6.1,10.564721995438983
