Actual RT,Predicted RT
7.43,10.284163
7.83,10.285671
26.74,10.286015
5.21,10.285065
12.29,10.285709
4.47,10.285704
5.53,10.286724
22.91,10.286886
3.56,10.290838
13.62,10.2852745
6.1,10.285065
