Metric,Value
RMSE,6.067408084869385
MAE,3.1570959091186523
R2,0.9843644177577161
