Metric,Value
RMSE,10.818986892700195
MAE,6.25666618347168
R2,0.9530690501435373
