Metric,Value
RMSE,12.166927337646484
MAE,6.635126113891602
R2,0.9409517963455062
