Metric,Value
RMSE,9.534238815307617
MAE,5.368670463562012
R2,0.9580654054641433
