Metric,Value
RMSE,7.291969299316406
MAE,4.890296936035156
R2,0.9753123198339858
