Metric,Value
RMSE,11.356715202331543
MAE,6.673756122589111
R2,0.9472642716134143
