Metric,Value
RMSE,9.029520034790039
MAE,6.659080505371094
R2,0.8908743539057253
