Metric,Value
RMSE,10.61372184753418
MAE,5.515172004699707
R2,0.8764918988188825
