Metric,Value
RMSE,8.884528160095215
MAE,6.551924228668213
R2,0.9063064212048373
