Metric,Value
RMSE,12.674123764038086
MAE,7.6714067459106445
R2,0.8229002671790425
