Metric,Value
RMSE,8.33597183227539
MAE,5.687714099884033
R2,0.9106615807276496
