Metric,Value
RMSE,6.260977745056152
MAE,4.328574180603027
R2,0.9532745552325286
