Model,Validation RMSE,Validation MAE,Validation R2,Test RMSE,Test MAE,Test R2
Linear_Regression,29.483243942260742,18.090042114257812,0.16314321310197533,27.27359962463379,16.478532791137695,-0.05563297565224801
Support_Vector_Regression,23.528675582959416,18.27749583593216,0.46703882727644463,20.54770871002553,16.16688412428989,0.4008235315654095
Gradient_Boosting_Regressor,15.27715171694557,11.022027974728044,0.7753091480743991,14.794987319677418,10.825467655823259,0.6893601680321253
Neural_Network_Regressor,14.899031639099121,10.23205852508545,0.7862939860421863,15.140815734863281,9.762453079223633,0.6746682597485797
Transformer,27.44789695739746,19.200958251953125,0.2746981847688271,22.23343849182129,14.822395324707031,0.29847811942001157
RandomForest,14.548418925676588,9.663759248740586,0.7962337729758733,12.88890159355933,9.579633643260022,0.7642456234082949
