Model,Validation RMSE,Validation MAE,Validation R2,Test RMSE,Test MAE,Test R2
Linear_Regression,20.296448736141702,15.444436073303223,0.52640700340271,20.990460363449184,16.357635498046875,0.6455742716789246
Support_Vector_Regression,24.223579131112796,19.659058418166858,0.3254070994823832,29.618192280727676,20.75687125993268,0.2943351479704126
Gradient_Boosting_Regressor,21.73528040307665,17.63864661166356,0.45688019923012113,19.988900263774394,15.31093904150464,0.6785901425861582
Neural_Network_Regressor,25.492746555699426,20.187747955322266,0.2528662085533142,23.138677068165407,17.633995056152344,0.5693163275718689
Transformer,27.850327593590574,22.94736099243164,0.10828572511672974,33.48006198890991,24.04726219177246,0.09831708669662476
RandomForest,22.828230200103846,19.659682930683967,0.40088577908527756,21.555704080616483,17.193222984562784,0.626228816338944
