Metric,Value
RMSE,18.969844818115234
MAE,11.379150390625
R2,0.6947854796417832
