Metric,Value
RMSE,16.4868221282959
MAE,9.793577194213867
R2,0.749249147276004
