Metric,Value
RMSE,9.432596206665039
MAE,5.115941524505615
R2,0.9202790076539963
