Metric,Value
RMSE,17.668781280517578
MAE,9.772446632385254
R2,0.7232235601917166
