Metric,Value
RMSE,18.486698150634766
MAE,9.520517349243164
R2,0.668234865080449
