Metric,Value
RMSE,16.76030921936035
MAE,10.319509506225586
R2,0.7563332677310097
