Actual RT,Predicted RT
12.047,11.295052
14.56,15.295464
14.97,14.032402
5.51,5.181587
5.51,4.8606186
6.91,6.874565
10.0,10.145493
15.2,15.387474
36.3,52.189705
12.45,12.764412
16.7,13.743904
15.856,11.020699
14.64,14.301155
8.985,9.158241
26.12,-12.311455
20.0,20.835884
9.7,-12.40609
9.5,-12.120628
36.4,37.351326
14.271,10.911873
