Model,Validation RMSE,Validation MAE,Validation R2,Test RMSE,Test MAE,Test R2
Linear_Regression,13.239890098571777,5.970635890960693,0.28528161442039845,11.690621376037598,5.779165744781494,-0.8935356756092441
Support_Vector_Regression,12.732619675803257,8.11174684057809,0.3389995283795676,6.94674881493508,4.552514472165946,0.3314075699326894
Gradient_Boosting_Regressor,12.896907127703058,8.16039191932919,0.32183186388767415,7.23297404605158,4.606406078071753,0.27517681408557126
Neural_Network_Regressor,13.266114234924316,9.938311576843262,0.2824474438190191,9.863225936889648,7.9818878173828125,-0.34783336477878235
Transformer,18.211362838745117,11.549909591674805,-0.3522315657481587,8.555047035217285,5.793048858642578,-0.014012016988649512
RandomForest,11.256414248700331,6.936950216695439,0.4833857633562738,5.038273314541205,3.959179095127663,0.6483086309374755
