Actual RT,Predicted RT
12.047,15.38271
14.56,18.2414
14.97,12.1266985
5.51,12.265859
5.51,12.249272
6.91,17.750341
10.0,4.023381
15.2,14.286275
36.3,17.039053
12.45,28.785818
16.7,7.711049
15.856,16.74584
14.64,10.449269
8.985,13.237905
26.12,7.6796846
20.0,32.81432
9.7,-4.463893
9.5,-4.4191847
36.4,33.58022
14.271,16.74584
