Actual RT,Predicted RT
12.047,14.272756
14.56,14.268986
14.97,14.26918
5.51,14.268371
5.51,14.268371
6.91,14.26647
10.0,14.267475
15.2,14.26967
36.3,14.272232
12.45,14.27296
16.7,14.27163
15.856,14.270738
14.64,14.269123
8.985,14.272354
26.12,14.265023
20.0,14.273491
9.7,14.27052
9.5,14.270521
36.4,14.2730055
14.271,14.270738
