Actual RT,Predicted RT
3.02,5.546525
3.56,5.3805566
5.21,5.229562
5.97,5.848528
7.7,6.2766476
8.15,8.244929
10.36,10.178173
21.8,17.136675
7.51,6.9929886
19.6,21.593527
22.01,21.918947
