Actual RT,Predicted RT
20.41,17.928045
4.04,6.7769237
4.53,7.3199067
6.31,6.2830644
6.94,5.297794
7.07,5.4155574
9.51,7.334916
14.27,13.709386
12.29,12.111087
22.91,23.061514
