Actual RT,Predicted RT
4.35,5.5009747
5.21,5.730324
6.1,5.8154774
5.39,4.700314
5.53,4.674959
20.6,23.496918
6.71,7.266534
7.83,8.634063
11.74,12.021033
26.35,24.047268
