Actual RT,Predicted RT
20.12,5.6395035
3.84,3.8965774
4.47,4.07758
5.38,5.3376575
6.73,6.3900857
8.47,7.256842
10.64,8.718734
5.52,5.3745975
7.58,7.918482
26.74,24.250479
23.83,25.202911
