Metric,Value
RMSE,1.2443602085113525
MAE,0.9672361612319946
R2,0.958305910170574
