Metric,Value
RMSE,1.279176115989685
MAE,0.8608776926994324
R2,0.9657545853329432
