Metric,Value
RMSE,1.8531845808029175
MAE,1.2230126857757568
R2,0.9270551361368169
