Metric,Value
RMSE,1.3271446228027344
MAE,1.0341827869415283
R2,0.9654338933197028
