Actual RT,Predicted RT
4.93,6.0655613
5.31,5.7916083
7.43,7.054624
6.39,5.44691
7.43,5.600569
8.56,8.748046
13.62,12.680008
5.88,6.082776
19.96,22.80419
22.91,22.17771
