Metric,Value
RMSE,1.7879995107650757
MAE,1.439849615097046
R2,0.9177962256844678
