Metric,Value
RMSE,4.505962371826172
MAE,2.072044849395752
R2,0.674915163152554
